Name,Gender,Event 1,Event 2,Partner
Aaliyah,F,Event 1,,Zoe
Abigail,F,Event 1,Event 2,Sophie
Anna,F,,Event 2,Sophia
Ashley,F,Event 1,Event 2,Savannah
Ava,F,Event 1,Event 2,Sarah
Charlotte,F,,Event 2,Samantha
Chloe,F,,Event 2,Rebecca
Elizabeth,F,Event 1,Event 2,Olivia
Ella,F,,Event 2,Nicole
Emily,F,Event 1,Event 2,Mia
Emma,F,Event 1,Event 2,Megan
Grace,F,,Event 2,Lily
Hannah,F,Event 1,,Katie
Isabella,F,Event 1,,Jessica
Jennifer,F,Event 1,,Jennifer
Jessica,F,Event 1,,Isabella
Katie,F,Event 1,,Hannah
Lily,F,Event 1,,Grace
Megan,F,,Event 2,Emma
Mia,F,,,Emily
Nicole,F,,Event 2,Ella
Olivia,F,Event 1,Event 2,Elizabeth
Rebecca,F,Event 1,Event 2,Chloe
Samantha,F,Event 1,Event 2,Charlotte
Sarah,F,Event 1,,Ava
Savannah,F,Event 1,,Ashley
Sophia,F,Event 1,,Anna
Sophie,F,Event 1,Event 2,Abigail
Zoe,F,Event 1,,Aaliyah
Aaron,M,Event 1,Event 2,Zayn
Adam,M,,Event 2,William
Aiden,M,Event 1,,Tyler
Alex,M,Event 1,,Spencer
Alexander,M,Event 1,,Shawn
Ali,M,,Event 2,Ryan
Andrew,M,Event 1,,Noah
Anthony,M,,Event 2,Niall
Austin,M,Event 1,,Nathan
Blake,M,,Event 2,Muhammad
Brandon,M,Event 1,Event 2,Michael
Brian,M,,Event 2,Max
Christopher,M,,Event 2,Matthew
Daniel,M,,Event 2,Mason
David,M,Event 1,Event 2,Luke
Dylan,M,Event 1,,Louis
Ethan,M,Event 1,Event 2,Logan
Harry,M,Event 1,Event 2,Liam
Jack,M,,Event 2,Kyle
Jackson,M,,Event 2,Kevin
Jacob,M,Event 1,Event 2,Justin
James,M,,Event 2,Joshua
Jason,M,,Event 2,Joseph
Jayden,M,Event 1,Event 2,Jordan
John,M,Event 1,,Jonah
Jonah,M,Event 1,Event 2,John
Jordan,M,Event 1,,Jayden
Joseph,M,,Event 2,Jason
Joshua,M,Event 1,,James
Justin,M,,Event 2,Jacob
Kevin,M,Event 1,,Jackson
Kyle,M,Event 1,Event 2,Jack
Liam,M,,Event 2,Harry
Logan,M,Event 1,,Ethan
Louis,M,,Event 2,Dylan
Luke,M,Event 1,Event 2,David
Mason,M,,Event 2,Daniel
Matthew,M,,Event 2,Christopher
Max,M,,Event 2,Brian
Michael,M,Event 1,Event 2,Brandon
Muhammad,M,Event 1,Event 2,Blake
Nathan,M,Event 1,,Austin
Niall,M,Event 1,Event 2,Anthony
Noah,M,Event 1,Event 2,Andrew
Ryan,M,,Event 2,Ali
Shawn,M,Event 1,Event 2,Alexander
Spencer,M,Event 1,Event 2,Alex
Tyler,M,Event 1,,Aiden
William,M,,Event 2,Adam
Zayn,M,,Event 2,Aaron
